,Brands,Type,Ton,Star,Price_Range(â‚¹),Avg_star_Range,Available
1927,Blue Star,Portable,1.0,3.0,"(35000, 40000]","(3.5, 4.0]",1
12018,Blue Star,Split,1.0,3.0,"(40000, 45000]","(4.0, 4.5]",2
12859,Blue Star,Split,1.2,3.0,"(40000, 45000]","(4.5, 5.0]",1
15387,Blue Star,Split,1.5,3.0,"(45000, 50000]","(3.5, 4.0]",1
15388,Blue Star,Split,1.5,3.0,"(45000, 50000]","(4.0, 4.5]",1
50648,Blue Star,Split Inverter,0.8,3.0,"(35000, 40000]","(4.0, 4.5]",1
52338,Blue Star,Split Inverter,1.0,3.0,"(40000, 45000]","(4.0, 4.5]",1
52348,Blue Star,Split Inverter,1.0,3.0,"(45000, 50000]","(4.0, 4.5]",1
52357,Blue Star,Split Inverter,1.0,3.0,"(50000, 55000]","(3.5, 4.0]",1
52787,Blue Star,Split Inverter,1.0,5.0,"(55000, 60000]","(3.5, 4.0]",1
52788,Blue Star,Split Inverter,1.0,5.0,"(55000, 60000]","(4.0, 4.5]",1
53188,Blue Star,Split Inverter,1.2,3.0,"(45000, 50000]","(4.0, 4.5]",1
53198,Blue Star,Split Inverter,1.2,3.0,"(50000, 55000]","(4.0, 4.5]",1
53207,Blue Star,Split Inverter,1.2,3.0,"(55000, 60000]","(3.5, 4.0]",1
53208,Blue Star,Split Inverter,1.2,3.0,"(55000, 60000]","(4.0, 4.5]",1
55717,Blue Star,Split Inverter,1.5,3.0,"(50000, 55000]","(3.5, 4.0]",1
55728,Blue Star,Split Inverter,1.5,3.0,"(55000, 60000]","(4.0, 4.5]",1
55729,Blue Star,Split Inverter,1.5,3.0,"(55000, 60000]","(4.5, 5.0]",1
55737,Blue Star,Split Inverter,1.5,3.0,"(60000, 65000]","(3.5, 4.0]",1
55948,Blue Star,Split Inverter,1.5,4.0,"(60000, 65000]","(4.0, 4.5]",1
56158,Blue Star,Split Inverter,1.5,5.0,"(60000, 65000]","(4.0, 4.5]",2
56168,Blue Star,Split Inverter,1.5,5.0,"(65000, 70000]","(4.0, 4.5]",2
56169,Blue Star,Split Inverter,1.5,5.0,"(65000, 70000]","(4.5, 5.0]",1
58268,Blue Star,Split Inverter,2.0,3.0,"(65000, 70000]","(4.0, 4.5]",1
58708,Blue Star,Split Inverter,2.0,5.0,"(75000, 80000]","(4.0, 4.5]",1
58709,Blue Star,Split Inverter,2.0,5.0,"(75000, 80000]","(4.5, 5.0]",1
102718,Blue Star,Window,1.0,3.0,"(30000, 35000]","(4.0, 4.5]",1
103138,Blue Star,Window,1.0,5.0,"(30000, 35000]","(4.0, 4.5]",1
106088,Blue Star,Window,1.5,3.0,"(35000, 40000]","(4.0, 4.5]",2
106297,Blue Star,Window,1.5,4.0,"(35000, 40000]","(3.5, 4.0]",1
106508,Blue Star,Window,1.5,5.0,"(35000, 40000]","(4.0, 4.5]",2
108618,Blue Star,Window,2.0,3.0,"(40000, 45000]","(4.0, 4.5]",1
108628,Blue Star,Window,2.0,3.0,"(45000, 50000]","(4.0, 4.5]",1
126467,Blue Star,Window Inverter,1.5,4.0,"(40000, 45000]","(3.5, 4.0]",1
166578,Candy,Split Dual Inverter,1.5,3.0,"(40000, 45000]","(4.0, 4.5]",1
294278,Carrier,Split,1.0,3.0,"(50000, 55000]","(4.0, 4.5]",1
297606,Carrier,Split,1.5,3.0,"(35000, 40000]","(3.0, 3.5]",1
297628,Carrier,Split,1.5,3.0,"(45000, 50000]","(4.0, 4.5]",1
335858,Carrier,Split Inverter,1.2,5.0,"(50000, 55000]","(4.0, 4.5]",1
335878,Carrier,Split Inverter,1.2,5.0,"(60000, 65000]","(4.0, 4.5]",1
337958,Carrier,Split Inverter,1.5,3.0,"(50000, 55000]","(4.0, 4.5]",1
337968,Carrier,Split Inverter,1.5,3.0,"(55000, 60000]","(4.0, 4.5]",1
337988,Carrier,Split Inverter,1.5,3.0,"(65000, 70000]","(4.0, 4.5]",1
338198,Carrier,Split Inverter,1.5,4.0,"(65000, 70000]","(4.0, 4.5]",1
338398,Carrier,Split Inverter,1.5,5.0,"(60000, 65000]","(4.0, 4.5]",1
338418,Carrier,Split Inverter,1.5,5.0,"(70000, 75000]","(4.0, 4.5]",1
340508,Carrier,Split Inverter,2.0,3.0,"(65000, 70000]","(4.0, 4.5]",1
340528,Carrier,Split Inverter,2.0,3.0,"(75000, 80000]","(4.0, 4.5]",1
340938,Carrier,Split Inverter,2.0,5.0,"(70000, 75000]","(4.0, 4.5]",1
340968,Carrier,Split Inverter,2.0,5.0,"(85000, 90000]","(4.0, 4.5]",1
384958,Carrier,Window,1.0,3.0,"(30000, 35000]","(4.0, 4.5]",3
388318,Carrier,Window,1.5,3.0,"(30000, 35000]","(4.0, 4.5]",1
388337,Carrier,Window,1.5,3.0,"(40000, 45000]","(3.5, 4.0]",1
388748,Carrier,Window,1.5,5.0,"(35000, 40000]","(4.0, 4.5]",1
388749,Carrier,Window,1.5,5.0,"(35000, 40000]","(4.5, 5.0]",1
388758,Carrier,Window,1.5,5.0,"(40000, 45000]","(4.0, 4.5]",1
390847,Carrier,Window,2.0,3.0,"(35000, 40000]","(3.5, 4.0]",1
428657,Croma,Portable,1.5,3.0,"(40000, 45000]","(3.5, 4.0]",1
438737,Croma,Split,1.5,3.0,"(40000, 45000]","(3.5, 4.0]",1
526067,Croma,Window,1.0,3.0,"(25000, 30000]","(3.5, 4.0]",1
529438,Croma,Window,1.5,3.0,"(30000, 35000]","(4.0, 4.5]",1
529443,Croma,Window,1.5,3.0,"(35000, 40000]","(1.5, 2.0]",1
529868,Croma,Window,1.5,5.0,"(35000, 40000]","(4.0, 4.5]",1
574807,Daikin,Split,0.8,3.0,"(35000, 40000]","(3.5, 4.0]",1
576488,Daikin,Split,1.0,3.0,"(35000, 40000]","(4.0, 4.5]",1
576507,Daikin,Split,1.0,3.0,"(45000, 50000]","(3.5, 4.0]",1
579857,Daikin,Split,1.5,3.0,"(40000, 45000]","(3.5, 4.0]",1
579858,Daikin,Split,1.5,3.0,"(40000, 45000]","(4.0, 4.5]",1
579859,Daikin,Split,1.5,3.0,"(40000, 45000]","(4.5, 5.0]",1
616817,Daikin,Split Inverter,1.0,3.0,"(40000, 45000]","(3.5, 4.0]",1
616818,Daikin,Split Inverter,1.0,3.0,"(40000, 45000]","(4.0, 4.5]",1
616828,Daikin,Split Inverter,1.0,3.0,"(45000, 50000]","(4.0, 4.5]",1
617028,Daikin,Split Inverter,1.0,4.0,"(40000, 45000]","(4.0, 4.5]",1
617038,Daikin,Split Inverter,1.0,4.0,"(45000, 50000]","(4.0, 4.5]",1
617247,Daikin,Split Inverter,1.0,5.0,"(45000, 50000]","(3.5, 4.0]",1
617258,Daikin,Split Inverter,1.0,5.0,"(50000, 55000]","(4.0, 4.5]",1
617268,Daikin,Split Inverter,1.0,5.0,"(55000, 60000]","(4.0, 4.5]",2
620178,Daikin,Split Inverter,1.5,3.0,"(40000, 45000]","(4.0, 4.5]",1
620187,Daikin,Split Inverter,1.5,3.0,"(45000, 50000]","(3.5, 4.0]",1
620198,Daikin,Split Inverter,1.5,3.0,"(50000, 55000]","(4.0, 4.5]",3
620217,Daikin,Split Inverter,1.5,3.0,"(60000, 65000]","(3.5, 4.0]",1
620408,Daikin,Split Inverter,1.5,4.0,"(50000, 55000]","(4.0, 4.5]",1
620618,Daikin,Split Inverter,1.5,5.0,"(50000, 55000]","(4.0, 4.5]",2
620638,Daikin,Split Inverter,1.5,5.0,"(60000, 65000]","(4.0, 4.5]",2
620648,Daikin,Split Inverter,1.5,5.0,"(65000, 70000]","(4.0, 4.5]",3
621907,Daikin,Split Inverter,1.8,3.0,"(65000, 70000]","(3.5, 4.0]",1
622108,Daikin,Split Inverter,1.8,4.0,"(60000, 65000]","(4.0, 4.5]",1
622328,Daikin,Split Inverter,1.8,5.0,"(65000, 70000]","(4.0, 4.5]",1
622356,Daikin,Split Inverter,1.8,5.0,"(80000, 85000]","(3.0, 3.5]",1
623835,Daikin,Split Inverter,2.02,4.0,"(85000, 90000]","(2.5, 3.0]",1
670558,Daikin,Window,1.5,3.0,"(30000, 35000]","(4.0, 4.5]",1
670988,Daikin,Window,1.5,5.0,"(35000, 40000]","(4.0, 4.5]",1
899048,Godrej,Split Inverter,1.0,3.0,"(35000, 40000]","(4.0, 4.5]",1
899057,Godrej,Split Inverter,1.0,3.0,"(40000, 45000]","(3.5, 4.0]",1
899058,Godrej,Split Inverter,1.0,3.0,"(40000, 45000]","(4.0, 4.5]",1
899488,Godrej,Split Inverter,1.0,5.0,"(45000, 50000]","(4.0, 4.5]",1
902418,Godrej,Split Inverter,1.5,3.0,"(40000, 45000]","(4.0, 4.5]",1
902426,Godrej,Split Inverter,1.5,3.0,"(45000, 50000]","(3.0, 3.5]",1
902428,Godrej,Split Inverter,1.5,3.0,"(45000, 50000]","(4.0, 4.5]",1
902438,Godrej,Split Inverter,1.5,3.0,"(50000, 55000]","(4.0, 4.5]",1
902448,Godrej,Split Inverter,1.5,3.0,"(55000, 60000]","(4.0, 4.5]",1
902458,Godrej,Split Inverter,1.5,3.0,"(60000, 65000]","(4.0, 4.5]",1
902858,Godrej,Split Inverter,1.5,5.0,"(50000, 55000]","(4.0, 4.5]",1
902888,Godrej,Split Inverter,1.5,5.0,"(65000, 70000]","(4.0, 4.5]",1
905426,Godrej,Split Inverter,2.0,5.0,"(75000, 80000]","(3.0, 3.5]",1
955329,Godrej,Window,2.0,3.0,"(35000, 40000]","(4.5, 5.0]",1
999038,Haier,Split,0.9,3.0,"(50000, 55000]","(4.0, 4.5]",1
999868,Haier,Split,1.0,3.0,"(45000, 50000]","(4.0, 4.5]",1
1003238,Haier,Split,1.5,3.0,"(50000, 55000]","(4.0, 4.5]",1
1039354,Haier,Split Inverter,0.9,3.0,"(50000, 55000]","(2.0, 2.5]",1
1041888,Haier,Split Inverter,1.25,3.0,"(55000, 60000]","(4.0, 4.5]",1
1043569,Haier,Split Inverter,1.5,3.0,"(55000, 60000]","(4.5, 5.0]",1
1043998,Haier,Split Inverter,1.5,5.0,"(60000, 65000]","(4.0, 4.5]",1
1086536,Haier,Tower Inverter,2.0,3.0,"(120000, 125000]","(3.0, 3.5]",1
1093928,Haier,Window,1.5,3.0,"(35000, 40000]","(4.0, 4.5]",1
1144345,Hitachi,Split,1.5,3.0,"(45000, 50000]","(2.5, 3.0]",1
1144347,Hitachi,Split,1.5,3.0,"(45000, 50000]","(3.5, 4.0]",1
1144348,Hitachi,Split,1.5,3.0,"(45000, 50000]","(4.0, 4.5]",1
1174587,Hitachi,Split Expandable,1.5,3.0,"(45000, 50000]","(3.5, 4.0]",1
1181295,Hitachi,Split Inverter,1.0,3.0,"(40000, 45000]","(2.5, 3.0]",1
1181298,Hitachi,Split Inverter,1.0,3.0,"(40000, 45000]","(4.0, 4.5]",1
1184656,Hitachi,Split Inverter,1.5,3.0,"(40000, 45000]","(3.0, 3.5]",1
1184677,Hitachi,Split Inverter,1.5,3.0,"(50000, 55000]","(3.5, 4.0]",2
1184678,Hitachi,Split Inverter,1.5,3.0,"(50000, 55000]","(4.0, 4.5]",1
1184687,Hitachi,Split Inverter,1.5,3.0,"(55000, 60000]","(3.5, 4.0]",2
1185127,Hitachi,Split Inverter,1.5,5.0,"(65000, 70000]","(3.5, 4.0]",1
1186387,Hitachi,Split Inverter,1.8,3.0,"(65000, 70000]","(3.5, 4.0]",1
1187208,Hitachi,Split Inverter,2.0,3.0,"(55000, 60000]","(4.0, 4.5]",2
1187218,Hitachi,Split Inverter,2.0,3.0,"(60000, 65000]","(4.0, 4.5]",1
1231667,Hitachi,Window,1.0,3.0,"(25000, 30000]","(3.5, 4.0]",1
1231668,Hitachi,Window,1.0,3.0,"(25000, 30000]","(4.0, 4.5]",1
1232088,Hitachi,Window,1.0,5.0,"(25000, 30000]","(4.0, 4.5]",2
1235027,Hitachi,Window,1.5,3.0,"(25000, 30000]","(3.5, 4.0]",1
1235037,Hitachi,Window,1.5,3.0,"(30000, 35000]","(3.5, 4.0]",1
1235458,Hitachi,Window,1.5,5.0,"(30000, 35000]","(4.0, 4.5]",1
1235467,Hitachi,Window,1.5,5.0,"(35000, 40000]","(3.5, 4.0]",1
1237358,Hitachi,Window,2.0,2.0,"(35000, 40000]","(4.0, 4.5]",2
1255196,Hitachi,Window Inverter,1.5,3.0,"(30000, 35000]","(3.0, 3.5]",1
1257505,Hitachi,Window Inverter,2.0,2.0,"(30000, 35000]","(2.5, 3.0]",1
1295538,Ifb,Split Dual Inverter,1.5,3.0,"(40000, 45000]","(4.0, 4.5]",1
1295978,Ifb,Split Dual Inverter,1.5,5.0,"(50000, 55000]","(4.0, 4.5]",1
1322408,Ifb,Split Inverter,1.0,3.0,"(35000, 40000]","(4.0, 4.5]",1
1322418,Ifb,Split Inverter,1.0,3.0,"(40000, 45000]","(4.0, 4.5]",1
1325788,Ifb,Split Inverter,1.5,3.0,"(45000, 50000]","(4.0, 4.5]",2
1326228,Ifb,Split Inverter,1.5,5.0,"(55000, 60000]","(4.0, 4.5]",1
1328328,Ifb,Split Inverter,2.0,3.0,"(55000, 60000]","(4.0, 4.5]",1
1517257,Intex,Window,1.5,3.0,"(20000, 25000]","(3.5, 4.0]",1
1574428,Lg,Split Dual Inverter,1.0,3.0,"(45000, 50000]","(4.0, 4.5]",2
1574438,Lg,Split Dual Inverter,1.0,3.0,"(50000, 55000]","(4.0, 4.5]",2
1574448,Lg,Split Dual Inverter,1.0,3.0,"(55000, 60000]","(4.0, 4.5]",2
1574668,Lg,Split Dual Inverter,1.0,4.0,"(60000, 65000]","(4.0, 4.5]",1
1574868,Lg,Split Dual Inverter,1.0,5.0,"(55000, 60000]","(4.0, 4.5]",1
1574878,Lg,Split Dual Inverter,1.0,5.0,"(60000, 65000]","(4.0, 4.5]",3
1577798,Lg,Split Dual Inverter,1.5,3.0,"(50000, 55000]","(4.0, 4.5]",1
1577799,Lg,Split Dual Inverter,1.5,3.0,"(50000, 55000]","(4.5, 5.0]",1
1577808,Lg,Split Dual Inverter,1.5,3.0,"(55000, 60000]","(4.0, 4.5]",2
1577809,Lg,Split Dual Inverter,1.5,3.0,"(55000, 60000]","(4.5, 5.0]",1
1577827,Lg,Split Dual Inverter,1.5,3.0,"(65000, 70000]","(3.5, 4.0]",1
1577828,Lg,Split Dual Inverter,1.5,3.0,"(65000, 70000]","(4.0, 4.5]",1
1577838,Lg,Split Dual Inverter,1.5,3.0,"(70000, 75000]","(4.0, 4.5]",1
1577847,Lg,Split Dual Inverter,1.5,3.0,"(75000, 80000]","(3.5, 4.0]",1
1578017,Lg,Split Dual Inverter,1.5,4.0,"(55000, 60000]","(3.5, 4.0]",1
1578018,Lg,Split Dual Inverter,1.5,4.0,"(55000, 60000]","(4.0, 4.5]",1
1578048,Lg,Split Dual Inverter,1.5,4.0,"(70000, 75000]","(4.0, 4.5]",1
1578228,Lg,Split Dual Inverter,1.5,5.0,"(55000, 60000]","(4.0, 4.5]",1
1578238,Lg,Split Dual Inverter,1.5,5.0,"(60000, 65000]","(4.0, 4.5]",1
1578246,Lg,Split Dual Inverter,1.5,5.0,"(65000, 70000]","(3.0, 3.5]",2
1578266,Lg,Split Dual Inverter,1.5,5.0,"(75000, 80000]","(3.0, 3.5]",5
1578267,Lg,Split Dual Inverter,1.5,5.0,"(75000, 80000]","(3.5, 4.0]",1
1578268,Lg,Split Dual Inverter,1.5,5.0,"(75000, 80000]","(4.0, 4.5]",1
1578276,Lg,Split Dual Inverter,1.5,5.0,"(80000, 85000]","(3.0, 3.5]",1
1580338,Lg,Split Dual Inverter,2.0,3.0,"(60000, 65000]","(4.0, 4.5]",1
1604658,Lg,Split Inverter,1.0,3.0,"(40000, 45000]","(4.0, 4.5]",2
1604678,Lg,Split Inverter,1.0,3.0,"(50000, 55000]","(4.0, 4.5]",1
1604688,Lg,Split Inverter,1.0,3.0,"(55000, 60000]","(4.0, 4.5]",1
1608028,Lg,Split Inverter,1.5,3.0,"(45000, 50000]","(4.0, 4.5]",1
1608038,Lg,Split Inverter,1.5,3.0,"(50000, 55000]","(4.0, 4.5]",1
1608468,Lg,Split Inverter,1.5,5.0,"(55000, 60000]","(4.0, 4.5]",1
1665588,Lg,Window Dual Inverter,1.0,5.0,"(55000, 60000]","(4.0, 4.5]",1
1671458,Lg,Window Dual Inverter,2.0,5.0,"(50000, 55000]","(4.0, 4.5]",1
1689088,Lg,Window Smart,1.5,5.0,"(45000, 50000]","(4.0, 4.5]",1
1755848,Livpure,Split Inverter Smart,1.0,3.0,"(35000, 40000]","(4.0, 4.5]",1
1759218,Livpure,Split Inverter Smart,1.5,3.0,"(40000, 45000]","(4.0, 4.5]",1
1846577,Lloyd,Split,1.0,3.0,"(40000, 45000]","(3.5, 4.0]",1
1846578,Lloyd,Split,1.0,3.0,"(40000, 45000]","(4.0, 4.5]",2
1849937,Lloyd,Split,1.5,3.0,"(40000, 45000]","(3.5, 4.0]",1
1849958,Lloyd,Split,1.5,3.0,"(50000, 55000]","(4.0, 4.5]",2
1849968,Lloyd,Split,1.5,3.0,"(55000, 60000]","(4.0, 4.5]",1
1852509,Lloyd,Split,2.0,3.0,"(65000, 70000]","(4.5, 5.0]",1
1880198,Lloyd,Split Expandable,1.5,3.0,"(50000, 55000]","(4.0, 4.5]",1
1886916,Lloyd,Split Inverter,1.0,3.0,"(50000, 55000]","(3.0, 3.5]",1
1887754,Lloyd,Split Inverter,1.2,3.0,"(50000, 55000]","(2.0, 2.5]",1
1890258,Lloyd,Split Inverter,1.5,3.0,"(40000, 45000]","(4.0, 4.5]",1
1890288,Lloyd,Split Inverter,1.5,3.0,"(55000, 60000]","(4.0, 4.5]",2
1890294,Lloyd,Split Inverter,1.5,3.0,"(60000, 65000]","(2.0, 2.5]",1
1890298,Lloyd,Split Inverter,1.5,3.0,"(60000, 65000]","(4.0, 4.5]",1
1890318,Lloyd,Split Inverter,1.5,3.0,"(70000, 75000]","(4.0, 4.5]",1
1890718,Lloyd,Split Inverter,1.5,5.0,"(60000, 65000]","(4.0, 4.5]",4
1892838,Lloyd,Split Inverter,2.0,3.0,"(70000, 75000]","(4.0, 4.5]",1
1937278,Lloyd,Window,1.0,3.0,"(30000, 35000]","(4.0, 4.5]",2
1940628,Lloyd,Window,1.5,3.0,"(25000, 30000]","(4.0, 4.5]",1
1940648,Lloyd,Window,1.5,3.0,"(35000, 40000]","(4.0, 4.5]",2
1940656,Lloyd,Window,1.5,3.0,"(40000, 45000]","(3.0, 3.5]",1
1940857,Lloyd,Window,1.5,4.0,"(35000, 40000]","(3.5, 4.0]",1
1941088,Lloyd,Window,1.5,5.0,"(45000, 50000]","(4.0, 4.5]",1
1961247,Lloyd,Window Inverter,1.5,5.0,"(45000, 50000]","(3.5, 4.0]",1
1991058,Lumx,Split,1.5,3.0,"(40000, 45000]","(4.0, 4.5]",1
2031387,Lumx,Split Inverter,1.5,3.0,"(45000, 50000]","(3.5, 4.0]",1
2128808,Marq,Split,1.0,3.0,"(35000, 40000]","(4.0, 4.5]",1
2132178,Marq,Split,1.5,3.0,"(40000, 45000]","(4.0, 4.5]",1
2152788,Marq,Split Dual Inverter Smart,1.5,5.0,"(55000, 60000]","(4.0, 4.5]",1
2167428,Marq,Split Inverter,0.8,3.0,"(25000, 30000]","(4.0, 4.5]",1
2167467,Marq,Split Inverter,0.8,3.0,"(45000, 50000]","(3.5, 4.0]",1
2169128,Marq,Split Inverter,1.0,3.0,"(35000, 40000]","(4.0, 4.5]",2
2169147,Marq,Split Inverter,1.0,3.0,"(45000, 50000]","(3.5, 4.0]",1
2169987,Marq,Split Inverter,1.2,3.0,"(45000, 50000]","(3.5, 4.0]",1
2172947,Marq,Split Inverter,1.5,5.0,"(55000, 60000]","(3.5, 4.0]",1
2223298,Marq,Window,1.5,5.0,"(30000, 35000]","(4.0, 4.5]",1
2273326,Midea,Split,1.5,3.0,"(55000, 60000]","(3.0, 3.5]",1
2313638,Midea,Split Inverter,1.5,3.0,"(50000, 55000]","(4.0, 4.5]",1
2434588,Motorola,Split Dual Inverter Smart,1.5,3.0,"(45000, 50000]","(4.0, 4.5]",1
2437138,Motorola,Split Dual Inverter Smart,2.0,3.0,"(60000, 65000]","(4.0, 4.5]",1
2592508,Nokia,Split Inverter,1.0,3.0,"(45000, 50000]","(4.0, 4.5]",1
2626118,Nokia,Split Triple Inverter Smart,1.5,3.0,"(50000, 55000]","(4.0, 4.5]",1
2698388,O General,Split,1.8,3.0,"(65000, 70000]","(4.0, 4.5]",1
2787376,O General,Window,1.5,3.0,"(40000, 45000]","(3.0, 3.5]",1
2847878,Onida,Split Dual Inverter,1.5,3.0,"(50000, 55000]","(4.0, 4.5]",1
2847879,Onida,Split Dual Inverter,1.5,3.0,"(50000, 55000]","(4.5, 5.0]",1
2874738,Onida,Split Inverter,1.0,3.0,"(40000, 45000]","(4.0, 4.5]",2
2874745,Onida,Split Inverter,1.0,3.0,"(45000, 50000]","(2.5, 3.0]",1
2878118,Onida,Split Inverter,1.5,3.0,"(50000, 55000]","(4.0, 4.5]",1
2878558,Onida,Split Inverter,1.5,5.0,"(60000, 65000]","(4.0, 4.5]",1
2888178,Onida,Split Inverter Smart,1.5,3.0,"(40000, 45000]","(4.0, 4.5]",1
2981447,Panasonic,Split,2.0,3.0,"(55000, 60000]","(3.5, 4.0]",1
3015858,Panasonic,Split Inverter,1.0,3.0,"(40000, 45000]","(4.0, 4.5]",1
3015868,Panasonic,Split Inverter,1.0,3.0,"(45000, 50000]","(4.0, 4.5]",2
3016288,Panasonic,Split Inverter,1.0,5.0,"(45000, 50000]","(4.0, 4.5]",1
3016289,Panasonic,Split Inverter,1.0,5.0,"(45000, 50000]","(4.5, 5.0]",1
3016298,Panasonic,Split Inverter,1.0,5.0,"(50000, 55000]","(4.0, 4.5]",1
3016308,Panasonic,Split Inverter,1.0,5.0,"(55000, 60000]","(4.0, 4.5]",1
3016318,Panasonic,Split Inverter,1.0,5.0,"(60000, 65000]","(4.0, 4.5]",1
3019235,Panasonic,Split Inverter,1.5,3.0,"(50000, 55000]","(2.5, 3.0]",1
3019238,Panasonic,Split Inverter,1.5,3.0,"(50000, 55000]","(4.0, 4.5]",3
3019248,Panasonic,Split Inverter,1.5,3.0,"(55000, 60000]","(4.0, 4.5]",1
3019658,Panasonic,Split Inverter,1.5,5.0,"(50000, 55000]","(4.0, 4.5]",2
3019668,Panasonic,Split Inverter,1.5,5.0,"(55000, 60000]","(4.0, 4.5]",2
3019669,Panasonic,Split Inverter,1.5,5.0,"(55000, 60000]","(4.5, 5.0]",1
3019688,Panasonic,Split Inverter,1.5,5.0,"(65000, 70000]","(4.0, 4.5]",2
3021788,Panasonic,Split Inverter,2.0,3.0,"(65000, 70000]","(4.0, 4.5]",1
3022208,Panasonic,Split Inverter,2.0,5.0,"(65000, 70000]","(4.0, 4.5]",1
3022228,Panasonic,Split Inverter,2.0,5.0,"(75000, 80000]","(4.0, 4.5]",1
3023694,Panasonic,Split Inverter,2.2,4.0,"(75000, 80000]","(2.0, 2.5]",1
3029308,Panasonic,Split Inverter Smart,1.5,3.0,"(45000, 50000]","(4.0, 4.5]",1
3032288,Panasonic,Split Inverter Smart,2.0,5.0,"(65000, 70000]","(4.0, 4.5]",1
3157198,Realme,Split Inverter,1.0,4.0,"(45000, 50000]","(4.0, 4.5]",1
3160568,Realme,Split Inverter,1.5,4.0,"(50000, 55000]","(4.0, 4.5]",1
3160788,Realme,Split Inverter,1.5,5.0,"(55000, 60000]","(4.0, 4.5]",1
3257769,Samsung,Split,1.0,3.0,"(35000, 40000]","(4.5, 5.0]",1
3257788,Samsung,Split,1.0,3.0,"(45000, 50000]","(4.0, 4.5]",1
3261138,Samsung,Split,1.5,3.0,"(40000, 45000]","(4.0, 4.5]",2
3298088,Samsung,Split Inverter,1.0,3.0,"(35000, 40000]","(4.0, 4.5]",1
3298098,Samsung,Split Inverter,1.0,3.0,"(40000, 45000]","(4.0, 4.5]",2
3298109,Samsung,Split Inverter,1.0,3.0,"(45000, 50000]","(4.5, 5.0]",1
3298528,Samsung,Split Inverter,1.0,5.0,"(45000, 50000]","(4.0, 4.5]",1
3298538,Samsung,Split Inverter,1.0,5.0,"(50000, 55000]","(4.0, 4.5]",1
3298539,Samsung,Split Inverter,1.0,5.0,"(50000, 55000]","(4.5, 5.0]",1
3301468,Samsung,Split Inverter,1.5,3.0,"(45000, 50000]","(4.0, 4.5]",3
3301478,Samsung,Split Inverter,1.5,3.0,"(50000, 55000]","(4.0, 4.5]",1
3301488,Samsung,Split Inverter,1.5,3.0,"(55000, 60000]","(4.0, 4.5]",2
3301489,Samsung,Split Inverter,1.5,3.0,"(55000, 60000]","(4.5, 5.0]",1
3301499,Samsung,Split Inverter,1.5,3.0,"(60000, 65000]","(4.5, 5.0]",1
3301687,Samsung,Split Inverter,1.5,4.0,"(50000, 55000]","(3.5, 4.0]",1
3301688,Samsung,Split Inverter,1.5,4.0,"(50000, 55000]","(4.0, 4.5]",1
3301697,Samsung,Split Inverter,1.5,4.0,"(55000, 60000]","(3.5, 4.0]",1
3301707,Samsung,Split Inverter,1.5,4.0,"(60000, 65000]","(3.5, 4.0]",1
3301708,Samsung,Split Inverter,1.5,4.0,"(60000, 65000]","(4.0, 4.5]",1
3301716,Samsung,Split Inverter,1.5,4.0,"(65000, 70000]","(3.0, 3.5]",1
3301909,Samsung,Split Inverter,1.5,5.0,"(55000, 60000]","(4.5, 5.0]",1
3301928,Samsung,Split Inverter,1.5,5.0,"(65000, 70000]","(4.0, 4.5]",2
3301938,Samsung,Split Inverter,1.5,5.0,"(70000, 75000]","(4.0, 4.5]",1
3304247,Samsung,Split Inverter,2.0,4.0,"(70000, 75000]","(3.5, 4.0]",1
3304258,Samsung,Split Inverter,2.0,4.0,"(75000, 80000]","(4.0, 4.5]",2
3318268,Samsung,Split Triple Inverter,1.0,3.0,"(45000, 50000]","(4.0, 4.5]",1
3402258,Sansui,Split,1.5,3.0,"(40000, 45000]","(4.0, 4.5]",1
3412358,Sansui,Split Dual Inverter,1.5,3.0,"(50000, 55000]","(4.0, 4.5]",1
3462748,Sansui,Split Triple Inverter,1.5,3.0,"(45000, 50000]","(4.0, 4.5]",1
3583698,Tcl,Split Inverter,1.5,3.0,"(40000, 45000]","(4.0, 4.5]",1
3681128,Thomson,Split,1.0,3.0,"(35000, 40000]","(4.0, 4.5]",1
3721448,Thomson,Split Inverter,1.0,3.0,"(35000, 40000]","(4.0, 4.5]",1
3724818,Thomson,Split Inverter,1.5,3.0,"(40000, 45000]","(4.0, 4.5]",1
3725248,Thomson,Split Inverter,1.5,5.0,"(45000, 50000]","(4.0, 4.5]",1
3822247,Toshiba,Split,1.0,3.0,"(35000, 40000]","(3.5, 4.0]",1
3825628,Toshiba,Split,1.5,3.0,"(45000, 50000]","(4.0, 4.5]",1
3862579,Toshiba,Split Inverter,1.0,3.0,"(40000, 45000]","(4.5, 5.0]",1
3863007,Toshiba,Split Inverter,1.0,5.0,"(45000, 50000]","(3.5, 4.0]",1
3865957,Toshiba,Split Inverter,1.5,3.0,"(50000, 55000]","(3.5, 4.0]",1
3866391,Toshiba,Split Inverter,1.5,5.0,"(60000, 65000]","(0.5, 1.0]",1
3866411,Toshiba,Split Inverter,1.5,5.0,"(70000, 75000]","(0.5, 1.0]",1
4102828,Voltas,Split,0.8,3.0,"(45000, 50000]","(4.0, 4.5]",1
4104498,Voltas,Split,1.0,3.0,"(40000, 45000]","(4.0, 4.5]",2
4104507,Voltas,Split,1.0,3.0,"(45000, 50000]","(3.5, 4.0]",1
4104508,Voltas,Split,1.0,3.0,"(45000, 50000]","(4.0, 4.5]",1
4107689,Voltas,Split,1.5,2.0,"(60000, 65000]","(4.5, 5.0]",1
4107878,Voltas,Split,1.5,3.0,"(50000, 55000]","(4.0, 4.5]",3
4110428,Voltas,Split,2.0,3.0,"(65000, 70000]","(4.0, 4.5]",1
4144827,Voltas,Split Inverter,1.0,3.0,"(45000, 50000]","(3.5, 4.0]",2
4144828,Voltas,Split Inverter,1.0,3.0,"(45000, 50000]","(4.0, 4.5]",2
4145267,Voltas,Split Inverter,1.0,5.0,"(55000, 60000]","(3.5, 4.0]",1
4145678,Voltas,Split Inverter,1.2,3.0,"(50000, 55000]","(4.0, 4.5]",1
4148196,Voltas,Split Inverter,1.5,3.0,"(50000, 55000]","(3.0, 3.5]",1
4148199,Voltas,Split Inverter,1.5,3.0,"(50000, 55000]","(4.5, 5.0]",1
4148206,Voltas,Split Inverter,1.5,3.0,"(55000, 60000]","(3.0, 3.5]",1
4148208,Voltas,Split Inverter,1.5,3.0,"(55000, 60000]","(4.0, 4.5]",4
4148216,Voltas,Split Inverter,1.5,3.0,"(60000, 65000]","(3.0, 3.5]",1
4148218,Voltas,Split Inverter,1.5,3.0,"(60000, 65000]","(4.0, 4.5]",1
4148418,Voltas,Split Inverter,1.5,4.0,"(55000, 60000]","(4.0, 4.5]",2
4148437,Voltas,Split Inverter,1.5,4.0,"(65000, 70000]","(3.5, 4.0]",2
4148638,Voltas,Split Inverter,1.5,5.0,"(60000, 65000]","(4.0, 4.5]",1
4148648,Voltas,Split Inverter,1.5,5.0,"(65000, 70000]","(4.0, 4.5]",3
4149068,Voltas,Split Inverter,1.6,3.0,"(65000, 70000]","(4.0, 4.5]",1
4150757,Voltas,Split Inverter,2.0,3.0,"(70000, 75000]","(3.5, 4.0]",1
4150767,Voltas,Split Inverter,2.0,3.0,"(75000, 80000]","(3.5, 4.0]",1
4151198,Voltas,Split Inverter,2.0,5.0,"(80000, 85000]","(4.0, 4.5]",1
4195618,Voltas,Window,1.0,5.0,"(30000, 35000]","(4.0, 4.5]",1
4198558,Voltas,Window,1.5,3.0,"(30000, 35000]","(4.0, 4.5]",2
4198978,Voltas,Window,1.5,5.0,"(30000, 35000]","(4.0, 4.5]",2
4245608,Whirlpool,Split,1.0,3.0,"(35000, 40000]","(4.0, 4.5]",1
4245828,Whirlpool,Split,1.0,4.0,"(40000, 45000]","(4.0, 4.5]",1
4248978,Whirlpool,Split,1.5,3.0,"(40000, 45000]","(4.0, 4.5]",2
4285938,Whirlpool,Split Inverter,1.0,3.0,"(40000, 45000]","(4.0, 4.5]",2
4285948,Whirlpool,Split Inverter,1.0,3.0,"(45000, 50000]","(4.0, 4.5]",1
4285949,Whirlpool,Split Inverter,1.0,3.0,"(45000, 50000]","(4.5, 5.0]",1
4285958,Whirlpool,Split Inverter,1.0,3.0,"(50000, 55000]","(4.0, 4.5]",2
4286378,Whirlpool,Split Inverter,1.0,5.0,"(50000, 55000]","(4.0, 4.5]",1
4286388,Whirlpool,Split Inverter,1.0,5.0,"(55000, 60000]","(4.0, 4.5]",1
4286398,Whirlpool,Split Inverter,1.0,5.0,"(60000, 65000]","(4.0, 4.5]",1
4289298,Whirlpool,Split Inverter,1.5,3.0,"(40000, 45000]","(4.0, 4.5]",1
4289308,Whirlpool,Split Inverter,1.5,3.0,"(45000, 50000]","(4.0, 4.5]",1
4289317,Whirlpool,Split Inverter,1.5,3.0,"(50000, 55000]","(3.5, 4.0]",1
4289318,Whirlpool,Split Inverter,1.5,3.0,"(50000, 55000]","(4.0, 4.5]",2
4289338,Whirlpool,Split Inverter,1.5,3.0,"(60000, 65000]","(4.0, 4.5]",3
4289758,Whirlpool,Split Inverter,1.5,5.0,"(60000, 65000]","(4.0, 4.5]",1
4289769,Whirlpool,Split Inverter,1.5,5.0,"(65000, 70000]","(4.5, 5.0]",1
4289778,Whirlpool,Split Inverter,1.5,5.0,"(70000, 75000]","(4.0, 4.5]",1
4299398,Whirlpool,Split Inverter Smart,1.5,3.0,"(50000, 55000]","(4.0, 4.5]",1
